,RMSE,MAE,R²
Random Forest,22.77275890339148,14.754243601574995,0.7781125877927817
Gradient Boosting,22.70970001975698,15.308185755640574,0.7793397206436915
XGBoost,23.195786171477696,14.681537997486465,0.7697924505599317
