{"Random Forest": {"Best Params": {"model__max_depth": 10, "model__min_samples_split": 5, "model__n_estimators": 200}, "RMSE": 18.878609311955795, "MAE": 11.208667547734208, "R\u00b2": 0.9032004587019948}, "Gradient Boosting": {"Best Params": {"model__learning_rate": 0.1, "model__max_depth": 3, "model__n_estimators": 200}, "RMSE": 17.854928807433982, "MAE": 10.452417516971025, "R\u00b2": 0.9134136271490642}, "XGBoost": {"Best Params": {"model__learning_rate": 0.1, "model__max_depth": 3, "model__n_estimators": 200}, "RMSE": 17.975112297293833, "MAE": 10.392985399718244, "R\u00b2": 0.912244059306912}}